student_code,age,bac_level,subject,eval_type,mark
774775ff88297314ea8686c0785f9b8ec0ba6c08fe90dc80cdb5314e984a4136,17.166666666666668,2ème Année Bac Sciences Physiques - Option Français,LANGUE ANGLAISE,National,18.5
774775ff88297314ea8686c0785f9b8ec0ba6c08fe90dc80cdb5314e984a4136,17.166666666666668,2ème Année Bac Sciences Physiques - Option Français,MATHEMATIQUES,National,16.0
774775ff88297314ea8686c0785f9b8ec0ba6c08fe90dc80cdb5314e984a4136,17.166666666666668,2ème Année Bac Sciences Physiques - Option Français,SC. DE LA VIE ET DE LA TERRE,National,12.75
774775ff88297314ea8686c0785f9b8ec0ba6c08fe90dc80cdb5314e984a4136,17.166666666666668,2ème Année Bac Sciences Physiques - Option Français,PHYSIQUE CHIMIE,National,11.5
774775ff88297314ea8686c0785f9b8ec0ba6c08fe90dc80cdb5314e984a4136,17.166666666666668,2ème Année Bac Sciences Physiques - Option Français,PHILOSOPHIE,National,16.0
e304257f73defb90f3ac0348479b4d97fef4e1f3ce94163b6a4dabb332c2311f,17.5,2ème Année Bac Sciences Physiques - Option Français,LANGUE ANGLAISE,National,10.0
e304257f73defb90f3ac0348479b4d97fef4e1f3ce94163b6a4dabb332c2311f,17.5,2ème Année Bac Sciences Physiques - Option Français,MATHEMATIQUES,National,0.0
e304257f73defb90f3ac0348479b4d97fef4e1f3ce94163b6a4dabb332c2311f,17.5,2ème Année Bac Sciences Physiques - Option Français,SC. DE LA VIE ET DE LA TERRE,National,5.25
e304257f73defb90f3ac0348479b4d97fef4e1f3ce94163b6a4dabb332c2311f,17.5,2ème Année Bac Sciences Physiques - Option Français,PHYSIQUE CHIMIE,National,0.25
e304257f73defb90f3ac0348479b4d97fef4e1f3ce94163b6a4dabb332c2311f,17.5,2ème Année Bac Sciences Physiques - Option Français,PHILOSOPHIE,National,4.0
089cbcd7ab9beea0aef9b54b898e57986d20e6c3fa48d9a5fb162093b2e28c1f,17.583333333333332,2ème Année Bac Sciences Physiques - Option Français,LANGUE ANGLAISE,National,17.0
089cbcd7ab9beea0aef9b54b898e57986d20e6c3fa48d9a5fb162093b2e28c1f,17.583333333333332,2ème Année Bac Sciences Physiques - Option Français,MATHEMATIQUES,National,11.75
089cbcd7ab9beea0aef9b54b898e57986d20e6c3fa48d9a5fb162093b2e28c1f,17.583333333333332,2ème Année Bac Sciences Physiques - Option Français,SC. DE LA VIE ET DE LA TERRE,National,13.5
089cbcd7ab9beea0aef9b54b898e57986d20e6c3fa48d9a5fb162093b2e28c1f,17.583333333333332,2ème Année Bac Sciences Physiques - Option Français,PHYSIQUE CHIMIE,National,15.75
089cbcd7ab9beea0aef9b54b898e57986d20e6c3fa48d9a5fb162093b2e28c1f,17.583333333333332,2ème Année Bac Sciences Physiques - Option Français,PHILOSOPHIE,National,6.5
c25cb1801a00d4b4f65c451370415fa4467711324f3785e60831df6cd2d5c5dc,17.166666666666668,2ème Année Bac Sciences Physiques - Option Français,LANGUE ANGLAISE,National,16.5
c25cb1801a00d4b4f65c451370415fa4467711324f3785e60831df6cd2d5c5dc,17.166666666666668,2ème Année Bac Sciences Physiques - Option Français,MATHEMATIQUES,National,15.0
c25cb1801a00d4b4f65c451370415fa4467711324f3785e60831df6cd2d5c5dc,17.166666666666668,2ème Année Bac Sciences Physiques - Option Français,SC. DE LA VIE ET DE LA TERRE,National,11.75
c25cb1801a00d4b4f65c451370415fa4467711324f3785e60831df6cd2d5c5dc,17.166666666666668,2ème Année Bac Sciences Physiques - Option Français,PHYSIQUE CHIMIE,National,13.0
c25cb1801a00d4b4f65c451370415fa4467711324f3785e60831df6cd2d5c5dc,17.166666666666668,2ème Année Bac Sciences Physiques - Option Français,PHILOSOPHIE,National,10.5
faf6506a7303857be37b2b3377f1ec25e7edbc027d82c829117eb3ef16567f5f,19.25,2ème Année Bac Sciences Physiques - Option Français,LANGUE ANGLAISE,National,16.0
faf6506a7303857be37b2b3377f1ec25e7edbc027d82c829117eb3ef16567f5f,19.25,2ème Année Bac Sciences Physiques - Option Français,MATHEMATIQUES,National,15.0
faf6506a7303857be37b2b3377f1ec25e7edbc027d82c829117eb3ef16567f5f,19.25,2ème Année Bac Sciences Physiques - Option Français,SC. DE LA VIE ET DE LA TERRE,National,16.0
faf6506a7303857be37b2b3377f1ec25e7edbc027d82c829117eb3ef16567f5f,19.25,2ème Année Bac Sciences Physiques - Option Français,PHYSIQUE CHIMIE,National,14.75
faf6506a7303857be37b2b3377f1ec25e7edbc027d82c829117eb3ef16567f5f,19.25,2ème Année Bac Sciences Physiques - Option Français,PHILOSOPHIE,National,7.0
229c45ecb373ae866fb31deea2b24c6984087198b6c718ced3d28b5f7b420f80,17.5,2ème Année Bac Sciences Physiques - Option Français,LANGUE ANGLAISE,National,17.0
229c45ecb373ae866fb31deea2b24c6984087198b6c718ced3d28b5f7b420f80,17.5,2ème Année Bac Sciences Physiques - Option Français,MATHEMATIQUES,National,18.75
229c45ecb373ae866fb31deea2b24c6984087198b6c718ced3d28b5f7b420f80,17.5,2ème Année Bac Sciences Physiques - Option Français,SC. DE LA VIE ET DE LA TERRE,National,13.25
229c45ecb373ae866fb31deea2b24c6984087198b6c718ced3d28b5f7b420f80,17.5,2ème Année Bac Sciences Physiques - Option Français,PHYSIQUE CHIMIE,National,14.75
229c45ecb373ae866fb31deea2b24c6984087198b6c718ced3d28b5f7b420f80,17.5,2ème Année Bac Sciences Physiques - Option Français,PHILOSOPHIE,National,15.5
0a963245a42c3294bef7a1f93606c98a1e69b1f1b5cadd46fa17cec79bdf8afc,17.75,2ème Année Bac Sciences Physiques - Option Français,LANGUE ANGLAISE,National,18.0
0a963245a42c3294bef7a1f93606c98a1e69b1f1b5cadd46fa17cec79bdf8afc,17.75,2ème Année Bac Sciences Physiques - Option Français,MATHEMATIQUES,National,8.75
0a963245a42c3294bef7a1f93606c98a1e69b1f1b5cadd46fa17cec79bdf8afc,17.75,2ème Année Bac Sciences Physiques - Option Français,SC. DE LA VIE ET DE LA TERRE,National,11.75
0a963245a42c3294bef7a1f93606c98a1e69b1f1b5cadd46fa17cec79bdf8afc,17.75,2ème Année Bac Sciences Physiques - Option Français,PHYSIQUE CHIMIE,National,11.5
0a963245a42c3294bef7a1f93606c98a1e69b1f1b5cadd46fa17cec79bdf8afc,17.75,2ème Année Bac Sciences Physiques - Option Français,PHILOSOPHIE,National,8.0
d7a7aea35d087926e35f85a3f3d8fe85983cf7985ce3d6853ab2fef90a3c405a,17.25,2ème Année Bac Sciences Physiques - Option Français,LANGUE ANGLAISE,National,14.5
d7a7aea35d087926e35f85a3f3d8fe85983cf7985ce3d6853ab2fef90a3c405a,17.25,2ème Année Bac Sciences Physiques - Option Français,MATHEMATIQUES,National,5.25
d7a7aea35d087926e35f85a3f3d8fe85983cf7985ce3d6853ab2fef90a3c405a,17.25,2ème Année Bac Sciences Physiques - Option Français,SC. DE LA VIE ET DE LA TERRE,National,6.75
d7a7aea35d087926e35f85a3f3d8fe85983cf7985ce3d6853ab2fef90a3c405a,17.25,2ème Année Bac Sciences Physiques - Option Français,PHYSIQUE CHIMIE,National,5.25
d7a7aea35d087926e35f85a3f3d8fe85983cf7985ce3d6853ab2fef90a3c405a,17.25,2ème Année Bac Sciences Physiques - Option Français,PHILOSOPHIE,National,9.0
404912962244a4be83172573832c9dcc0df022f8a6c5988cb061205689c4ee44,16.833333333333332,2ème Année Bac Sciences Physiques - Option Français,LANGUE ANGLAISE,National,7.5
404912962244a4be83172573832c9dcc0df022f8a6c5988cb061205689c4ee44,16.833333333333332,2ème Année Bac Sciences Physiques - Option Français,MATHEMATIQUES,National,2.25
404912962244a4be83172573832c9dcc0df022f8a6c5988cb061205689c4ee44,16.833333333333332,2ème Année Bac Sciences Physiques - Option Français,SC. DE LA VIE ET DE LA TERRE,National,5.75
404912962244a4be83172573832c9dcc0df022f8a6c5988cb061205689c4ee44,16.833333333333332,2ème Année Bac Sciences Physiques - Option Français,PHYSIQUE CHIMIE,National,3.75
404912962244a4be83172573832c9dcc0df022f8a6c5988cb061205689c4ee44,16.833333333333332,2ème Année Bac Sciences Physiques - Option Français,PHILOSOPHIE,National,10.0
cf1ca85b93eed23666f9c7e81a6bf5557ca7a3210f3564f358aa94a0561b9256,16.75,2ème Année Bac Sciences Physiques - Option Français,LANGUE ANGLAISE,National,16.0
cf1ca85b93eed23666f9c7e81a6bf5557ca7a3210f3564f358aa94a0561b9256,16.75,2ème Année Bac Sciences Physiques - Option Français,MATHEMATIQUES,National,10.75
cf1ca85b93eed23666f9c7e81a6bf5557ca7a3210f3564f358aa94a0561b9256,16.75,2ème Année Bac Sciences Physiques - Option Français,SC. DE LA VIE ET DE LA TERRE,National,12.0
cf1ca85b93eed23666f9c7e81a6bf5557ca7a3210f3564f358aa94a0561b9256,16.75,2ème Année Bac Sciences Physiques - Option Français,PHYSIQUE CHIMIE,National,12.5
cf1ca85b93eed23666f9c7e81a6bf5557ca7a3210f3564f358aa94a0561b9256,16.75,2ème Année Bac Sciences Physiques - Option Français,PHILOSOPHIE,National,4.5
3380131873b9102da00c6532cb002519aeb52670e376a4a109c5982e57e0f627,17.25,2ème Année Bac Sciences Physiques - Option Français,LANGUE ANGLAISE,National,14.0
3380131873b9102da00c6532cb002519aeb52670e376a4a109c5982e57e0f627,17.25,2ème Année Bac Sciences Physiques - Option Français,MATHEMATIQUES,National,13.5
3380131873b9102da00c6532cb002519aeb52670e376a4a109c5982e57e0f627,17.25,2ème Année Bac Sciences Physiques - Option Français,SC. DE LA VIE ET DE LA TERRE,National,6.25
3380131873b9102da00c6532cb002519aeb52670e376a4a109c5982e57e0f627,17.25,2ème Année Bac Sciences Physiques - Option Français,PHYSIQUE CHIMIE,National,7.75
3380131873b9102da00c6532cb002519aeb52670e376a4a109c5982e57e0f627,17.25,2ème Année Bac Sciences Physiques - Option Français,PHILOSOPHIE,National,8.5
5211d6062db17ab460e1d99be4635bd1265dd9eaabf2bcb5c8f81fda03cb22c3,17.583333333333332,2ème Année Bac Sciences Physiques - Option Français,LANGUE ANGLAISE,National,19.0
5211d6062db17ab460e1d99be4635bd1265dd9eaabf2bcb5c8f81fda03cb22c3,17.583333333333332,2ème Année Bac Sciences Physiques - Option Français,MATHEMATIQUES,National,17.0
5211d6062db17ab460e1d99be4635bd1265dd9eaabf2bcb5c8f81fda03cb22c3,17.583333333333332,2ème Année Bac Sciences Physiques - Option Français,SC. DE LA VIE ET DE LA TERRE,National,13.0
5211d6062db17ab460e1d99be4635bd1265dd9eaabf2bcb5c8f81fda03cb22c3,17.583333333333332,2ème Année Bac Sciences Physiques - Option Français,PHYSIQUE CHIMIE,National,17.5
5211d6062db17ab460e1d99be4635bd1265dd9eaabf2bcb5c8f81fda03cb22c3,17.583333333333332,2ème Année Bac Sciences Physiques - Option Français,PHILOSOPHIE,National,15.0
346488aa7091befa4cf47f74aff4bf83ea31b9350b8639ce06082c647d19ef94,17.916666666666668,2ème Année Bac Sciences Physiques - Option Français,LANGUE ANGLAISE,National,12.0
346488aa7091befa4cf47f74aff4bf83ea31b9350b8639ce06082c647d19ef94,17.916666666666668,2ème Année Bac Sciences Physiques - Option Français,MATHEMATIQUES,National,8.5
346488aa7091befa4cf47f74aff4bf83ea31b9350b8639ce06082c647d19ef94,17.916666666666668,2ème Année Bac Sciences Physiques - Option Français,SC. DE LA VIE ET DE LA TERRE,National,6.0
346488aa7091befa4cf47f74aff4bf83ea31b9350b8639ce06082c647d19ef94,17.916666666666668,2ème Année Bac Sciences Physiques - Option Français,PHYSIQUE CHIMIE,National,9.5
346488aa7091befa4cf47f74aff4bf83ea31b9350b8639ce06082c647d19ef94,17.916666666666668,2ème Année Bac Sciences Physiques - Option Français,PHILOSOPHIE,National,4.5
1de77fb0a4307b2bd0a6b62e4dcd37df04544a97e001b455dd846d30db1b535c,18.666666666666668,2ème Année Bac Sciences Physiques - Option Français,LANGUE ANGLAISE,National,19.25
1de77fb0a4307b2bd0a6b62e4dcd37df04544a97e001b455dd846d30db1b535c,18.666666666666668,2ème Année Bac Sciences Physiques - Option Français,MATHEMATIQUES,National,13.25
1de77fb0a4307b2bd0a6b62e4dcd37df04544a97e001b455dd846d30db1b535c,18.666666666666668,2ème Année Bac Sciences Physiques - Option Français,SC. DE LA VIE ET DE LA TERRE,National,17.5
1de77fb0a4307b2bd0a6b62e4dcd37df04544a97e001b455dd846d30db1b535c,18.666666666666668,2ème Année Bac Sciences Physiques - Option Français,PHYSIQUE CHIMIE,National,10.25
1de77fb0a4307b2bd0a6b62e4dcd37df04544a97e001b455dd846d30db1b535c,18.666666666666668,2ème Année Bac Sciences Physiques - Option Français,PHILOSOPHIE,National,2.5
bd5775bac9d596a9d1c7e5568fa840452cc42b35bf974113058df0275933ad9b,17.416666666666668,2ème Année Bac Sciences Economiques,LANGUE ANGLAISE,National,12.5
bd5775bac9d596a9d1c7e5568fa840452cc42b35bf974113058df0275933ad9b,17.416666666666668,2ème Année Bac Sciences Economiques,HISTOIRE GEOGRAPHIE,National,
bd5775bac9d596a9d1c7e5568fa840452cc42b35bf974113058df0275933ad9b,17.416666666666668,2ème Année Bac Sciences Economiques,MATHEMATIQUES,National,8.0
bd5775bac9d596a9d1c7e5568fa840452cc42b35bf974113058df0275933ad9b,17.416666666666668,2ème Année Bac Sciences Economiques,INSTRUCTION ISLAMIQUE,National,
bd5775bac9d596a9d1c7e5568fa840452cc42b35bf974113058df0275933ad9b,17.416666666666668,2ème Année Bac Sciences Economiques,ASSIDUITE ET CONDUITE,National,
ed288aaa3707a90a6de5acaf7ff8d59d17d7d3eab2ec22d2f002cb4584fe29a0,17.666666666666668,2ème Année Bac Sciences Economiques,LANGUE ANGLAISE,National,14.0
ed288aaa3707a90a6de5acaf7ff8d59d17d7d3eab2ec22d2f002cb4584fe29a0,17.666666666666668,2ème Année Bac Sciences Economiques,HISTOIRE GEOGRAPHIE,National,
ed288aaa3707a90a6de5acaf7ff8d59d17d7d3eab2ec22d2f002cb4584fe29a0,17.666666666666668,2ème Année Bac Sciences Economiques,MATHEMATIQUES,National,9.0
ed288aaa3707a90a6de5acaf7ff8d59d17d7d3eab2ec22d2f002cb4584fe29a0,17.666666666666668,2ème Année Bac Sciences Economiques,INSTRUCTION ISLAMIQUE,National,
ed288aaa3707a90a6de5acaf7ff8d59d17d7d3eab2ec22d2f002cb4584fe29a0,17.666666666666668,2ème Année Bac Sciences Economiques,ASSIDUITE ET CONDUITE,National,
bedafd43bcbfee1f959d68b91c0575b21c8f61d7833c815b9186c138d464862f,18.0,2ème Année Bac Sciences Economiques,LANGUE ANGLAISE,National,8.0
bedafd43bcbfee1f959d68b91c0575b21c8f61d7833c815b9186c138d464862f,18.0,2ème Année Bac Sciences Economiques,HISTOIRE GEOGRAPHIE,National,
bedafd43bcbfee1f959d68b91c0575b21c8f61d7833c815b9186c138d464862f,18.0,2ème Année Bac Sciences Economiques,MATHEMATIQUES,National,8.75
bedafd43bcbfee1f959d68b91c0575b21c8f61d7833c815b9186c138d464862f,18.0,2ème Année Bac Sciences Economiques,INSTRUCTION ISLAMIQUE,National,
bedafd43bcbfee1f959d68b91c0575b21c8f61d7833c815b9186c138d464862f,18.0,2ème Année Bac Sciences Economiques,ASSIDUITE ET CONDUITE,National,
f5faf1f52ba7a61bdb46fd6b722cd8913002de6f415a7990b170fd6b5f644568,17.75,2ème Année Bac Sciences Economiques,LANGUE ANGLAISE,National,13.37
f5faf1f52ba7a61bdb46fd6b722cd8913002de6f415a7990b170fd6b5f644568,17.75,2ème Année Bac Sciences Economiques,HISTOIRE GEOGRAPHIE,National,
f5faf1f52ba7a61bdb46fd6b722cd8913002de6f415a7990b170fd6b5f644568,17.75,2ème Année Bac Sciences Economiques,MATHEMATIQUES,National,15.25
f5faf1f52ba7a61bdb46fd6b722cd8913002de6f415a7990b170fd6b5f644568,17.75,2ème Année Bac Sciences Economiques,INSTRUCTION ISLAMIQUE,National,
f5faf1f52ba7a61bdb46fd6b722cd8913002de6f415a7990b170fd6b5f644568,17.75,2ème Année Bac Sciences Economiques,ASSIDUITE ET CONDUITE,National,
49b4ce71b6b20afb7b44027138e8a0a6cbabceeac954928b16be47f912b3bbf2,18.416666666666668,2ème Année Bac Sciences Economiques,LANGUE ANGLAISE,National,9.0
49b4ce71b6b20afb7b44027138e8a0a6cbabceeac954928b16be47f912b3bbf2,18.416666666666668,2ème Année Bac Sciences Economiques,HISTOIRE GEOGRAPHIE,National,
49b4ce71b6b20afb7b44027138e8a0a6cbabceeac954928b16be47f912b3bbf2,18.416666666666668,2ème Année Bac Sciences Economiques,MATHEMATIQUES,National,12.0
49b4ce71b6b20afb7b44027138e8a0a6cbabceeac954928b16be47f912b3bbf2,18.416666666666668,2ème Année Bac Sciences Economiques,INSTRUCTION ISLAMIQUE,National,
49b4ce71b6b20afb7b44027138e8a0a6cbabceeac954928b16be47f912b3bbf2,18.416666666666668,2ème Année Bac Sciences Economiques,ASSIDUITE ET CONDUITE,National,
621b4727d071ec80d34c41ce33081ccf425c71f6a9441b2423e2612c36d928ee,17.416666666666668,2ème Année Bac Sciences Economiques,LANGUE ANGLAISE,National,15.0
621b4727d071ec80d34c41ce33081ccf425c71f6a9441b2423e2612c36d928ee,17.416666666666668,2ème Année Bac Sciences Economiques,HISTOIRE GEOGRAPHIE,National,
621b4727d071ec80d34c41ce33081ccf425c71f6a9441b2423e2612c36d928ee,17.416666666666668,2ème Année Bac Sciences Economiques,MATHEMATIQUES,National,4.75
621b4727d071ec80d34c41ce33081ccf425c71f6a9441b2423e2612c36d928ee,17.416666666666668,2ème Année Bac Sciences Economiques,INSTRUCTION ISLAMIQUE,National,
621b4727d071ec80d34c41ce33081ccf425c71f6a9441b2423e2612c36d928ee,17.416666666666668,2ème Année Bac Sciences Economiques,ASSIDUITE ET CONDUITE,National,
0a58806653b783522bb901a7fa5345a0ca1ab0eb10fc1062a68a88c16808ec41,16.916666666666668,2ème Année Bac Sciences Economiques,LANGUE ANGLAISE,National,15.75
0a58806653b783522bb901a7fa5345a0ca1ab0eb10fc1062a68a88c16808ec41,16.916666666666668,2ème Année Bac Sciences Economiques,HISTOIRE GEOGRAPHIE,National,
0a58806653b783522bb901a7fa5345a0ca1ab0eb10fc1062a68a88c16808ec41,16.916666666666668,2ème Année Bac Sciences Economiques,MATHEMATIQUES,National,6.0
0a58806653b783522bb901a7fa5345a0ca1ab0eb10fc1062a68a88c16808ec41,16.916666666666668,2ème Année Bac Sciences Economiques,INSTRUCTION ISLAMIQUE,National,
0a58806653b783522bb901a7fa5345a0ca1ab0eb10fc1062a68a88c16808ec41,16.916666666666668,2ème Année Bac Sciences Economiques,ASSIDUITE ET CONDUITE,National,
d13dbebf3902775b16804852786e57b1066a61e97f7f02e726c22a9b2b68474d,17.0,2ème Année Bac Sciences Economiques,LANGUE ANGLAISE,National,12.5
d13dbebf3902775b16804852786e57b1066a61e97f7f02e726c22a9b2b68474d,17.0,2ème Année Bac Sciences Economiques,HISTOIRE GEOGRAPHIE,National,
d13dbebf3902775b16804852786e57b1066a61e97f7f02e726c22a9b2b68474d,17.0,2ème Année Bac Sciences Economiques,MATHEMATIQUES,National,7.25
d13dbebf3902775b16804852786e57b1066a61e97f7f02e726c22a9b2b68474d,17.0,2ème Année Bac Sciences Economiques,INSTRUCTION ISLAMIQUE,National,
d13dbebf3902775b16804852786e57b1066a61e97f7f02e726c22a9b2b68474d,17.0,2ème Année Bac Sciences Economiques,ASSIDUITE ET CONDUITE,National,
7a30d07c537b44dd18027f2e88425ccb5f1930d1e458b9df6425182c0aaee2a3,17.0,2ème Année Bac Sciences Mathématiques A - Option Français,LANGUE ANGLAISE,National,
7a30d07c537b44dd18027f2e88425ccb5f1930d1e458b9df6425182c0aaee2a3,17.0,2ème Année Bac Sciences Mathématiques A - Option Français,MATHEMATIQUES,National,
7a30d07c537b44dd18027f2e88425ccb5f1930d1e458b9df6425182c0aaee2a3,17.0,2ème Année Bac Sciences Mathématiques A - Option Français,SC. DE LA VIE ET DE LA TERRE,National,
7a30d07c537b44dd18027f2e88425ccb5f1930d1e458b9df6425182c0aaee2a3,17.0,2ème Année Bac Sciences Mathématiques A - Option Français,PHYSIQUE CHIMIE,National,10.0
7a30d07c537b44dd18027f2e88425ccb5f1930d1e458b9df6425182c0aaee2a3,17.0,2ème Année Bac Sciences Mathématiques A - Option Français,PHILOSOPHIE,National,
42d9ac9dbcc4bd6840034bd6270530b778189fcf166b84b5b89d168fbac894a7,17.5,2ème Année Bac Sciences Mathématiques A - Option Français,LANGUE ANGLAISE,National,14.0
42d9ac9dbcc4bd6840034bd6270530b778189fcf166b84b5b89d168fbac894a7,17.5,2ème Année Bac Sciences Mathématiques A - Option Français,MATHEMATIQUES,National,7.0
42d9ac9dbcc4bd6840034bd6270530b778189fcf166b84b5b89d168fbac894a7,17.5,2ème Année Bac Sciences Mathématiques A - Option Français,SC. DE LA VIE ET DE LA TERRE,National,9.5
42d9ac9dbcc4bd6840034bd6270530b778189fcf166b84b5b89d168fbac894a7,17.5,2ème Année Bac Sciences Mathématiques A - Option Français,PHYSIQUE CHIMIE,National,5.5
42d9ac9dbcc4bd6840034bd6270530b778189fcf166b84b5b89d168fbac894a7,17.5,2ème Année Bac Sciences Mathématiques A - Option Français,PHILOSOPHIE,National,16.0
d49a41c0dedf0d8582ff3e06b62b8fdfefd9d3109d9c1effe165673ec19f1304,16.833333333333332,2ème Année Bac Sciences Mathématiques A - Option Français,LANGUE ANGLAISE,National,16.5
d49a41c0dedf0d8582ff3e06b62b8fdfefd9d3109d9c1effe165673ec19f1304,16.833333333333332,2ème Année Bac Sciences Mathématiques A - Option Français,MATHEMATIQUES,National,6.75
d49a41c0dedf0d8582ff3e06b62b8fdfefd9d3109d9c1effe165673ec19f1304,16.833333333333332,2ème Année Bac Sciences Mathématiques A - Option Français,SC. DE LA VIE ET DE LA TERRE,National,8.5
d49a41c0dedf0d8582ff3e06b62b8fdfefd9d3109d9c1effe165673ec19f1304,16.833333333333332,2ème Année Bac Sciences Mathématiques A - Option Français,PHYSIQUE CHIMIE,National,3.0
d49a41c0dedf0d8582ff3e06b62b8fdfefd9d3109d9c1effe165673ec19f1304,16.833333333333332,2ème Année Bac Sciences Mathématiques A - Option Français,PHILOSOPHIE,National,16.5
1103d6b5d44a858efe88c35ad30b4a2885a233756e1577eb2d3f04cbd7245886,16.833333333333332,2ème Année Bac Sciences Mathématiques A - Option Français,LANGUE ANGLAISE,National,14.25
1103d6b5d44a858efe88c35ad30b4a2885a233756e1577eb2d3f04cbd7245886,16.833333333333332,2ème Année Bac Sciences Mathématiques A - Option Français,MATHEMATIQUES,National,8.5
1103d6b5d44a858efe88c35ad30b4a2885a233756e1577eb2d3f04cbd7245886,16.833333333333332,2ème Année Bac Sciences Mathématiques A - Option Français,SC. DE LA VIE ET DE LA TERRE,National,11.0
1103d6b5d44a858efe88c35ad30b4a2885a233756e1577eb2d3f04cbd7245886,16.833333333333332,2ème Année Bac Sciences Mathématiques A - Option Français,PHYSIQUE CHIMIE,National,4.0
1103d6b5d44a858efe88c35ad30b4a2885a233756e1577eb2d3f04cbd7245886,16.833333333333332,2ème Année Bac Sciences Mathématiques A - Option Français,PHILOSOPHIE,National,16.0
fbe6f26f00021e47a71e622f6dd0e7bdddacaf0ff64f1b37323bb794f1fff17d,16.833333333333332,2ème Année Bac Sciences Mathématiques A - Option Français,LANGUE ANGLAISE,National,11.5
fbe6f26f00021e47a71e622f6dd0e7bdddacaf0ff64f1b37323bb794f1fff17d,16.833333333333332,2ème Année Bac Sciences Mathématiques A - Option Français,MATHEMATIQUES,National,11.25
fbe6f26f00021e47a71e622f6dd0e7bdddacaf0ff64f1b37323bb794f1fff17d,16.833333333333332,2ème Année Bac Sciences Mathématiques A - Option Français,SC. DE LA VIE ET DE LA TERRE,National,11.0
fbe6f26f00021e47a71e622f6dd0e7bdddacaf0ff64f1b37323bb794f1fff17d,16.833333333333332,2ème Année Bac Sciences Mathématiques A - Option Français,PHYSIQUE CHIMIE,National,5.0
fbe6f26f00021e47a71e622f6dd0e7bdddacaf0ff64f1b37323bb794f1fff17d,16.833333333333332,2ème Année Bac Sciences Mathématiques A - Option Français,PHILOSOPHIE,National,18.0
2d525e3f378124d38b8d1b49851fedf1f21ff31369417263cd54c2d1c6356bb4,16.916666666666668,2ème Année Bac Sciences Mathématiques A - Option Français,LANGUE ANGLAISE,National,13.0
2d525e3f378124d38b8d1b49851fedf1f21ff31369417263cd54c2d1c6356bb4,16.916666666666668,2ème Année Bac Sciences Mathématiques A - Option Français,MATHEMATIQUES,National,11.5
2d525e3f378124d38b8d1b49851fedf1f21ff31369417263cd54c2d1c6356bb4,16.916666666666668,2ème Année Bac Sciences Mathématiques A - Option Français,SC. DE LA VIE ET DE LA TERRE,National,14.0
2d525e3f378124d38b8d1b49851fedf1f21ff31369417263cd54c2d1c6356bb4,16.916666666666668,2ème Année Bac Sciences Mathématiques A - Option Français,PHYSIQUE CHIMIE,National,10.25
2d525e3f378124d38b8d1b49851fedf1f21ff31369417263cd54c2d1c6356bb4,16.916666666666668,2ème Année Bac Sciences Mathématiques A - Option Français,PHILOSOPHIE,National,15.0
ca02968947662cfa4a41e9914917a57d371182d9e193164efda21044e233e9b0,17.75,2ème Année Bac Sciences Mathématiques A - Option Français,LANGUE ANGLAISE,National,11.5
ca02968947662cfa4a41e9914917a57d371182d9e193164efda21044e233e9b0,17.75,2ème Année Bac Sciences Mathématiques A - Option Français,MATHEMATIQUES,National,8.0
ca02968947662cfa4a41e9914917a57d371182d9e193164efda21044e233e9b0,17.75,2ème Année Bac Sciences Mathématiques A - Option Français,SC. DE LA VIE ET DE LA TERRE,National,13.0
ca02968947662cfa4a41e9914917a57d371182d9e193164efda21044e233e9b0,17.75,2ème Année Bac Sciences Mathématiques A - Option Français,PHYSIQUE CHIMIE,National,7.0
ca02968947662cfa4a41e9914917a57d371182d9e193164efda21044e233e9b0,17.75,2ème Année Bac Sciences Mathématiques A - Option Français,PHILOSOPHIE,National,10.0
326b29650c9c33820917598b30d24a246c06e8780369b4a123276f564f2eaaa5,17.25,2ème Année Bac Sciences Physiques - Option Français,LANGUE ANGLAISE,National,18.0
326b29650c9c33820917598b30d24a246c06e8780369b4a123276f564f2eaaa5,17.25,2ème Année Bac Sciences Physiques - Option Français,MATHEMATIQUES,National,14.5
326b29650c9c33820917598b30d24a246c06e8780369b4a123276f564f2eaaa5,17.25,2ème Année Bac Sciences Physiques - Option Français,SC. DE LA VIE ET DE LA TERRE,National,19.5
326b29650c9c33820917598b30d24a246c06e8780369b4a123276f564f2eaaa5,17.25,2ème Année Bac Sciences Physiques - Option Français,PHYSIQUE CHIMIE,National,19.0
326b29650c9c33820917598b30d24a246c06e8780369b4a123276f564f2eaaa5,17.25,2ème Année Bac Sciences Physiques - Option Français,PHILOSOPHIE,National,16.0
e3b08d70bb276addeb9e9bf02879896619a78258bf266b1f3a91299b20049740,16.916666666666668,2ème Année Bac Sciences Physiques - Option Français,LANGUE ANGLAISE,National,12.25
e3b08d70bb276addeb9e9bf02879896619a78258bf266b1f3a91299b20049740,16.916666666666668,2ème Année Bac Sciences Physiques - Option Français,MATHEMATIQUES,National,13.75
e3b08d70bb276addeb9e9bf02879896619a78258bf266b1f3a91299b20049740,16.916666666666668,2ème Année Bac Sciences Physiques - Option Français,SC. DE LA VIE ET DE LA TERRE,National,13.0
e3b08d70bb276addeb9e9bf02879896619a78258bf266b1f3a91299b20049740,16.916666666666668,2ème Année Bac Sciences Physiques - Option Français,PHYSIQUE CHIMIE,National,15.25
e3b08d70bb276addeb9e9bf02879896619a78258bf266b1f3a91299b20049740,16.916666666666668,2ème Année Bac Sciences Physiques - Option Français,PHILOSOPHIE,National,15.0
48c76bc479db5468e8613b336ed6263c8d65c59c4a85ab9043439b3ca724ba08,16.75,2ème Année Bac Sciences Physiques - Option Français,LANGUE ANGLAISE,National,10.0
48c76bc479db5468e8613b336ed6263c8d65c59c4a85ab9043439b3ca724ba08,16.75,2ème Année Bac Sciences Physiques - Option Français,MATHEMATIQUES,National,6.5
48c76bc479db5468e8613b336ed6263c8d65c59c4a85ab9043439b3ca724ba08,16.75,2ème Année Bac Sciences Physiques - Option Français,SC. DE LA VIE ET DE LA TERRE,National,12.0
48c76bc479db5468e8613b336ed6263c8d65c59c4a85ab9043439b3ca724ba08,16.75,2ème Année Bac Sciences Physiques - Option Français,PHYSIQUE CHIMIE,National,10.0
48c76bc479db5468e8613b336ed6263c8d65c59c4a85ab9043439b3ca724ba08,16.75,2ème Année Bac Sciences Physiques - Option Français,PHILOSOPHIE,National,11.0
953fe1fa2d7dfb411e47b50ade920d37175cb2a960647ae757fb6bbf58fc4b70,17.25,2ème Année Bac Sciences Physiques - Option Français,LANGUE ANGLAISE,National,16.0
953fe1fa2d7dfb411e47b50ade920d37175cb2a960647ae757fb6bbf58fc4b70,17.25,2ème Année Bac Sciences Physiques - Option Français,MATHEMATIQUES,National,10.5
953fe1fa2d7dfb411e47b50ade920d37175cb2a960647ae757fb6bbf58fc4b70,17.25,2ème Année Bac Sciences Physiques - Option Français,SC. DE LA VIE ET DE LA TERRE,National,14.0
953fe1fa2d7dfb411e47b50ade920d37175cb2a960647ae757fb6bbf58fc4b70,17.25,2ème Année Bac Sciences Physiques - Option Français,PHYSIQUE CHIMIE,National,15.25
953fe1fa2d7dfb411e47b50ade920d37175cb2a960647ae757fb6bbf58fc4b70,17.25,2ème Année Bac Sciences Physiques - Option Français,PHILOSOPHIE,National,13.0
fd4f4a4a4d4c904700e830985ab8b46dd92429903906ddb7ebc64a7c525ad316,17.0,2ème Année Bac Sciences Physiques - Option Français,LANGUE ANGLAISE,National,13.25
fd4f4a4a4d4c904700e830985ab8b46dd92429903906ddb7ebc64a7c525ad316,17.0,2ème Année Bac Sciences Physiques - Option Français,MATHEMATIQUES,National,7.5
fd4f4a4a4d4c904700e830985ab8b46dd92429903906ddb7ebc64a7c525ad316,17.0,2ème Année Bac Sciences Physiques - Option Français,SC. DE LA VIE ET DE LA TERRE,National,13.0
fd4f4a4a4d4c904700e830985ab8b46dd92429903906ddb7ebc64a7c525ad316,17.0,2ème Année Bac Sciences Physiques - Option Français,PHYSIQUE CHIMIE,National,11.0
fd4f4a4a4d4c904700e830985ab8b46dd92429903906ddb7ebc64a7c525ad316,17.0,2ème Année Bac Sciences Physiques - Option Français,PHILOSOPHIE,National,11.0
2c303c5af04836578ed15472cb38da119b25ba2dc7c891a844d258da6bad2f44,17.0,2ème Année Bac Sciences Physiques - Option Français,LANGUE ANGLAISE,National,9.5
2c303c5af04836578ed15472cb38da119b25ba2dc7c891a844d258da6bad2f44,17.0,2ème Année Bac Sciences Physiques - Option Français,MATHEMATIQUES,National,13.0
2c303c5af04836578ed15472cb38da119b25ba2dc7c891a844d258da6bad2f44,17.0,2ème Année Bac Sciences Physiques - Option Français,SC. DE LA VIE ET DE LA TERRE,National,13.0
2c303c5af04836578ed15472cb38da119b25ba2dc7c891a844d258da6bad2f44,17.0,2ème Année Bac Sciences Physiques - Option Français,PHYSIQUE CHIMIE,National,13.0
2c303c5af04836578ed15472cb38da119b25ba2dc7c891a844d258da6bad2f44,17.0,2ème Année Bac Sciences Physiques - Option Français,PHILOSOPHIE,National,11.0
eaf3c9ea0c1863cc1251ac36c0443fdca05a7455d404ef2760a3e2f861aa6630,17.25,2ème Année Bac Sciences Physiques - Option Français,LANGUE ANGLAISE,National,15.25
eaf3c9ea0c1863cc1251ac36c0443fdca05a7455d404ef2760a3e2f861aa6630,17.25,2ème Année Bac Sciences Physiques - Option Français,MATHEMATIQUES,National,14.25
eaf3c9ea0c1863cc1251ac36c0443fdca05a7455d404ef2760a3e2f861aa6630,17.25,2ème Année Bac Sciences Physiques - Option Français,SC. DE LA VIE ET DE LA TERRE,National,16.0
eaf3c9ea0c1863cc1251ac36c0443fdca05a7455d404ef2760a3e2f861aa6630,17.25,2ème Année Bac Sciences Physiques - Option Français,PHYSIQUE CHIMIE,National,15.25
eaf3c9ea0c1863cc1251ac36c0443fdca05a7455d404ef2760a3e2f861aa6630,17.25,2ème Année Bac Sciences Physiques - Option Français,PHILOSOPHIE,National,15.0
2b755b671c8bda7d584bc6a92a8677c191d02ac2fd736cb1a5e621e67834e296,16.916666666666668,2ème Année Bac Sciences Physiques - Option Français,LANGUE ANGLAISE,National,13.75
2b755b671c8bda7d584bc6a92a8677c191d02ac2fd736cb1a5e621e67834e296,16.916666666666668,2ème Année Bac Sciences Physiques - Option Français,MATHEMATIQUES,National,11.5
2b755b671c8bda7d584bc6a92a8677c191d02ac2fd736cb1a5e621e67834e296,16.916666666666668,2ème Année Bac Sciences Physiques - Option Français,SC. DE LA VIE ET DE LA TERRE,National,16.0
2b755b671c8bda7d584bc6a92a8677c191d02ac2fd736cb1a5e621e67834e296,16.916666666666668,2ème Année Bac Sciences Physiques - Option Français,PHYSIQUE CHIMIE,National,13.0
2b755b671c8bda7d584bc6a92a8677c191d02ac2fd736cb1a5e621e67834e296,16.916666666666668,2ème Année Bac Sciences Physiques - Option Français,PHILOSOPHIE,National,14.0
aee0425fdc3a3909786f53cac99fa8504f09098e758eefe62a851ecda6b5ca0e,16.833333333333332,2ème Année Bac Sciences Physiques - Option Français,LANGUE ANGLAISE,National,17.25
aee0425fdc3a3909786f53cac99fa8504f09098e758eefe62a851ecda6b5ca0e,16.833333333333332,2ème Année Bac Sciences Physiques - Option Français,MATHEMATIQUES,National,12.75
aee0425fdc3a3909786f53cac99fa8504f09098e758eefe62a851ecda6b5ca0e,16.833333333333332,2ème Année Bac Sciences Physiques - Option Français,SC. DE LA VIE ET DE LA TERRE,National,15.0
aee0425fdc3a3909786f53cac99fa8504f09098e758eefe62a851ecda6b5ca0e,16.833333333333332,2ème Année Bac Sciences Physiques - Option Français,PHYSIQUE CHIMIE,National,12.5
aee0425fdc3a3909786f53cac99fa8504f09098e758eefe62a851ecda6b5ca0e,16.833333333333332,2ème Année Bac Sciences Physiques - Option Français,PHILOSOPHIE,National,11.0
404912962244a4be83172573832c9dcc0df022f8a6c5988cb061205689c4ee44,17.083333333333332,2ème Année Bac Sciences Physiques - Option Français,LANGUE ANGLAISE,National,6.5
404912962244a4be83172573832c9dcc0df022f8a6c5988cb061205689c4ee44,17.083333333333332,2ème Année Bac Sciences Physiques - Option Français,MATHEMATIQUES,National,3.0
404912962244a4be83172573832c9dcc0df022f8a6c5988cb061205689c4ee44,17.083333333333332,2ème Année Bac Sciences Physiques - Option Français,SC. DE LA VIE ET DE LA TERRE,National,10.5
404912962244a4be83172573832c9dcc0df022f8a6c5988cb061205689c4ee44,17.083333333333332,2ème Année Bac Sciences Physiques - Option Français,PHYSIQUE CHIMIE,National,7.0
404912962244a4be83172573832c9dcc0df022f8a6c5988cb061205689c4ee44,17.083333333333332,2ème Année Bac Sciences Physiques - Option Français,PHILOSOPHIE,National,10.0
2b69642b9d7dcb724b592ae7993dc46e1de58ef8ee062f3339545f5f3a6b2040,16.916666666666668,2ème Année Bac Sciences Physiques - Option Français,LANGUE ANGLAISE,National,12.25
2b69642b9d7dcb724b592ae7993dc46e1de58ef8ee062f3339545f5f3a6b2040,16.916666666666668,2ème Année Bac Sciences Physiques - Option Français,MATHEMATIQUES,National,10.0
2b69642b9d7dcb724b592ae7993dc46e1de58ef8ee062f3339545f5f3a6b2040,16.916666666666668,2ème Année Bac Sciences Physiques - Option Français,SC. DE LA VIE ET DE LA TERRE,National,17.0
2b69642b9d7dcb724b592ae7993dc46e1de58ef8ee062f3339545f5f3a6b2040,16.916666666666668,2ème Année Bac Sciences Physiques - Option Français,PHYSIQUE CHIMIE,National,12.5
2b69642b9d7dcb724b592ae7993dc46e1de58ef8ee062f3339545f5f3a6b2040,16.916666666666668,2ème Année Bac Sciences Physiques - Option Français,PHILOSOPHIE,National,10.0
8ce7c227c91b744f0d7764aa9e643492714fdacd77ca432b37c36593de6b5281,18.33333333333333,2ème Année Bac Sciences Physiques - Option Français,LANGUE ANGLAISE,National,15.25
8ce7c227c91b744f0d7764aa9e643492714fdacd77ca432b37c36593de6b5281,18.33333333333333,2ème Année Bac Sciences Physiques - Option Français,MATHEMATIQUES,National,16.25
8ce7c227c91b744f0d7764aa9e643492714fdacd77ca432b37c36593de6b5281,18.33333333333333,2ème Année Bac Sciences Physiques - Option Français,SC. DE LA VIE ET DE LA TERRE,National,13.25
8ce7c227c91b744f0d7764aa9e643492714fdacd77ca432b37c36593de6b5281,18.33333333333333,2ème Année Bac Sciences Physiques - Option Français,PHYSIQUE CHIMIE,National,16.5
8ce7c227c91b744f0d7764aa9e643492714fdacd77ca432b37c36593de6b5281,18.33333333333333,2ème Année Bac Sciences Physiques - Option Français,PHILOSOPHIE,National,16.0
957b80a5460a2f81fec7fe9656ab0a3cd967a807d4c5aef42282621d53933646,17.25,2ème Année Bac Sciences Physiques - Option Français,LANGUE ANGLAISE,National,17.0
957b80a5460a2f81fec7fe9656ab0a3cd967a807d4c5aef42282621d53933646,17.25,2ème Année Bac Sciences Physiques - Option Français,MATHEMATIQUES,National,13.0
957b80a5460a2f81fec7fe9656ab0a3cd967a807d4c5aef42282621d53933646,17.25,2ème Année Bac Sciences Physiques - Option Français,SC. DE LA VIE ET DE LA TERRE,National,12.0
957b80a5460a2f81fec7fe9656ab0a3cd967a807d4c5aef42282621d53933646,17.25,2ème Année Bac Sciences Physiques - Option Français,PHYSIQUE CHIMIE,National,13.5
957b80a5460a2f81fec7fe9656ab0a3cd967a807d4c5aef42282621d53933646,17.25,2ème Année Bac Sciences Physiques - Option Français,PHILOSOPHIE,National,15.0
53f5878e01e257b3e44da2c7e0a6f204cd442ef1ac037773ff3fc339a90fdc03,17.25,2ème Année Bac Sciences Physiques - Option Français,LANGUE ANGLAISE,National,16.75
53f5878e01e257b3e44da2c7e0a6f204cd442ef1ac037773ff3fc339a90fdc03,17.25,2ème Année Bac Sciences Physiques - Option Français,MATHEMATIQUES,National,12.5
53f5878e01e257b3e44da2c7e0a6f204cd442ef1ac037773ff3fc339a90fdc03,17.25,2ème Année Bac Sciences Physiques - Option Français,SC. DE LA VIE ET DE LA TERRE,National,17.0
53f5878e01e257b3e44da2c7e0a6f204cd442ef1ac037773ff3fc339a90fdc03,17.25,2ème Année Bac Sciences Physiques - Option Français,PHYSIQUE CHIMIE,National,15.25
53f5878e01e257b3e44da2c7e0a6f204cd442ef1ac037773ff3fc339a90fdc03,17.25,2ème Année Bac Sciences Physiques - Option Français,PHILOSOPHIE,National,15.0
d5a02888a7535414798b87f4954e6be209ac9a9e56f4af011cf436c9be10598d,17.833333333333332,2ème Année Bac Sciences Physiques - Option Français,LANGUE ANGLAISE,National,9.5
d5a02888a7535414798b87f4954e6be209ac9a9e56f4af011cf436c9be10598d,17.833333333333332,2ème Année Bac Sciences Physiques - Option Français,MATHEMATIQUES,National,6.0
d5a02888a7535414798b87f4954e6be209ac9a9e56f4af011cf436c9be10598d,17.833333333333332,2ème Année Bac Sciences Physiques - Option Français,SC. DE LA VIE ET DE LA TERRE,National,17.0
d5a02888a7535414798b87f4954e6be209ac9a9e56f4af011cf436c9be10598d,17.833333333333332,2ème Année Bac Sciences Physiques - Option Français,PHYSIQUE CHIMIE,National,6.0
d5a02888a7535414798b87f4954e6be209ac9a9e56f4af011cf436c9be10598d,17.833333333333332,2ème Année Bac Sciences Physiques - Option Français,PHILOSOPHIE,National,10.0
7d13783a27c8d3898e7504371d053aaf05486b1be6f828860b400084979b8e30,17.083333333333332,2ème Année Bac Sciences Physiques - Option Français,LANGUE ANGLAISE,National,13.5
7d13783a27c8d3898e7504371d053aaf05486b1be6f828860b400084979b8e30,17.083333333333332,2ème Année Bac Sciences Physiques - Option Français,MATHEMATIQUES,National,3.75
7d13783a27c8d3898e7504371d053aaf05486b1be6f828860b400084979b8e30,17.083333333333332,2ème Année Bac Sciences Physiques - Option Français,SC. DE LA VIE ET DE LA TERRE,National,9.5
7d13783a27c8d3898e7504371d053aaf05486b1be6f828860b400084979b8e30,17.083333333333332,2ème Année Bac Sciences Physiques - Option Français,PHYSIQUE CHIMIE,National,7.75
7d13783a27c8d3898e7504371d053aaf05486b1be6f828860b400084979b8e30,17.083333333333332,2ème Année Bac Sciences Physiques - Option Français,PHILOSOPHIE,National,11.0
256a5506d312674984083a5b0f8022faea9912310cfb4daf140721ca70b94474,17.25,2ème Année Bac Sciences Physiques - Option Français,LANGUE ANGLAISE,National,18.25
256a5506d312674984083a5b0f8022faea9912310cfb4daf140721ca70b94474,17.25,2ème Année Bac Sciences Physiques - Option Français,MATHEMATIQUES,National,14.5
256a5506d312674984083a5b0f8022faea9912310cfb4daf140721ca70b94474,17.25,2ème Année Bac Sciences Physiques - Option Français,SC. DE LA VIE ET DE LA TERRE,National,18.75
256a5506d312674984083a5b0f8022faea9912310cfb4daf140721ca70b94474,17.25,2ème Année Bac Sciences Physiques - Option Français,PHYSIQUE CHIMIE,National,16.75
256a5506d312674984083a5b0f8022faea9912310cfb4daf140721ca70b94474,17.25,2ème Année Bac Sciences Physiques - Option Français,PHILOSOPHIE,National,15.0
cc175532a865bd6946a2992a998dd9461c925499665f35f0f5a57e9918bb8cf3,17.583333333333332,2ème Année Bac Sciences Physiques - Option Français,LANGUE ANGLAISE,National,17.0
cc175532a865bd6946a2992a998dd9461c925499665f35f0f5a57e9918bb8cf3,17.583333333333332,2ème Année Bac Sciences Physiques - Option Français,MATHEMATIQUES,National,15.0
cc175532a865bd6946a2992a998dd9461c925499665f35f0f5a57e9918bb8cf3,17.583333333333332,2ème Année Bac Sciences Physiques - Option Français,SC. DE LA VIE ET DE LA TERRE,National,18.5
cc175532a865bd6946a2992a998dd9461c925499665f35f0f5a57e9918bb8cf3,17.583333333333332,2ème Année Bac Sciences Physiques - Option Français,PHYSIQUE CHIMIE,National,17.0
cc175532a865bd6946a2992a998dd9461c925499665f35f0f5a57e9918bb8cf3,17.583333333333332,2ème Année Bac Sciences Physiques - Option Français,PHILOSOPHIE,National,14.0
dc1432f65480871b99784bbe4786f5e8d650c98244fd79dd8ad18b3c86fed9fc,17.333333333333332,2ème Année Bac Sciences Physiques - Option Français,LANGUE ANGLAISE,National,17.0
dc1432f65480871b99784bbe4786f5e8d650c98244fd79dd8ad18b3c86fed9fc,17.333333333333332,2ème Année Bac Sciences Physiques - Option Français,MATHEMATIQUES,National,12.0
dc1432f65480871b99784bbe4786f5e8d650c98244fd79dd8ad18b3c86fed9fc,17.333333333333332,2ème Année Bac Sciences Physiques - Option Français,SC. DE LA VIE ET DE LA TERRE,National,18.25
dc1432f65480871b99784bbe4786f5e8d650c98244fd79dd8ad18b3c86fed9fc,17.333333333333332,2ème Année Bac Sciences Physiques - Option Français,PHYSIQUE CHIMIE,National,16.75
dc1432f65480871b99784bbe4786f5e8d650c98244fd79dd8ad18b3c86fed9fc,17.333333333333332,2ème Année Bac Sciences Physiques - Option Français,PHILOSOPHIE,National,15.0
8ebb255b179180a109e5a2a2db00e1d5541bd67d3eb94f67c628434b7417e9af,16.833333333333332,2ème Année Bac Sciences Economiques,LANGUE ANGLAISE,National,15.0
8ebb255b179180a109e5a2a2db00e1d5541bd67d3eb94f67c628434b7417e9af,16.833333333333332,2ème Année Bac Sciences Economiques,HISTOIRE GEOGRAPHIE,National,
8ebb255b179180a109e5a2a2db00e1d5541bd67d3eb94f67c628434b7417e9af,16.833333333333332,2ème Année Bac Sciences Economiques,MATHEMATIQUES,National,4.0
8ebb255b179180a109e5a2a2db00e1d5541bd67d3eb94f67c628434b7417e9af,16.833333333333332,2ème Année Bac Sciences Economiques,INSTRUCTION ISLAMIQUE,National,
8ebb255b179180a109e5a2a2db00e1d5541bd67d3eb94f67c628434b7417e9af,16.833333333333332,2ème Année Bac Sciences Economiques,ASSIDUITE ET CONDUITE,National,
6ce0e86cfaae6910fca4ec552ee4922e431af950403307f009c724d0bef5bead,16.833333333333332,2ème Année Bac Sciences Economiques,LANGUE ANGLAISE,National,14.5
6ce0e86cfaae6910fca4ec552ee4922e431af950403307f009c724d0bef5bead,16.833333333333332,2ème Année Bac Sciences Economiques,HISTOIRE GEOGRAPHIE,National,
6ce0e86cfaae6910fca4ec552ee4922e431af950403307f009c724d0bef5bead,16.833333333333332,2ème Année Bac Sciences Economiques,MATHEMATIQUES,National,8.25
6ce0e86cfaae6910fca4ec552ee4922e431af950403307f009c724d0bef5bead,16.833333333333332,2ème Année Bac Sciences Economiques,INSTRUCTION ISLAMIQUE,National,
6ce0e86cfaae6910fca4ec552ee4922e431af950403307f009c724d0bef5bead,16.833333333333332,2ème Année Bac Sciences Economiques,ASSIDUITE ET CONDUITE,National,
a73413caeb565cd907a8043f6adfc1c925550752e4975d86955bef4da7ad42c7,17.416666666666668,2ème Année Bac Sciences Economiques,LANGUE ANGLAISE,National,9.5
a73413caeb565cd907a8043f6adfc1c925550752e4975d86955bef4da7ad42c7,17.416666666666668,2ème Année Bac Sciences Economiques,HISTOIRE GEOGRAPHIE,National,
a73413caeb565cd907a8043f6adfc1c925550752e4975d86955bef4da7ad42c7,17.416666666666668,2ème Année Bac Sciences Economiques,MATHEMATIQUES,National,4.75
a73413caeb565cd907a8043f6adfc1c925550752e4975d86955bef4da7ad42c7,17.416666666666668,2ème Année Bac Sciences Economiques,INSTRUCTION ISLAMIQUE,National,
a73413caeb565cd907a8043f6adfc1c925550752e4975d86955bef4da7ad42c7,17.416666666666668,2ème Année Bac Sciences Economiques,ASSIDUITE ET CONDUITE,National,
a270a122d0e02f0f724677e5a5a9184ea585d10888a18fc418a76ec9b7dcdb6b,17.666666666666668,2ème Année Bac Sciences Economiques,LANGUE ANGLAISE,National,20.0
a270a122d0e02f0f724677e5a5a9184ea585d10888a18fc418a76ec9b7dcdb6b,17.666666666666668,2ème Année Bac Sciences Economiques,HISTOIRE GEOGRAPHIE,National,
a270a122d0e02f0f724677e5a5a9184ea585d10888a18fc418a76ec9b7dcdb6b,17.666666666666668,2ème Année Bac Sciences Economiques,MATHEMATIQUES,National,15.0
a270a122d0e02f0f724677e5a5a9184ea585d10888a18fc418a76ec9b7dcdb6b,17.666666666666668,2ème Année Bac Sciences Economiques,INSTRUCTION ISLAMIQUE,National,
a270a122d0e02f0f724677e5a5a9184ea585d10888a18fc418a76ec9b7dcdb6b,17.666666666666668,2ème Année Bac Sciences Economiques,ASSIDUITE ET CONDUITE,National,
f7cb7340f85fa860183e33cd854f3a9fb6511e9f4e36a0f4565c4a254e5ece0d,17.666666666666668,2ème Année Bac Sciences Economiques,LANGUE ANGLAISE,National,13.0
f7cb7340f85fa860183e33cd854f3a9fb6511e9f4e36a0f4565c4a254e5ece0d,17.666666666666668,2ème Année Bac Sciences Economiques,HISTOIRE GEOGRAPHIE,National,
f7cb7340f85fa860183e33cd854f3a9fb6511e9f4e36a0f4565c4a254e5ece0d,17.666666666666668,2ème Année Bac Sciences Economiques,MATHEMATIQUES,National,12.25
f7cb7340f85fa860183e33cd854f3a9fb6511e9f4e36a0f4565c4a254e5ece0d,17.666666666666668,2ème Année Bac Sciences Economiques,INSTRUCTION ISLAMIQUE,National,
f7cb7340f85fa860183e33cd854f3a9fb6511e9f4e36a0f4565c4a254e5ece0d,17.666666666666668,2ème Année Bac Sciences Economiques,ASSIDUITE ET CONDUITE,National,
c6b4b32bfc85f5fd215e3d2bfc47a4c7fd3558a07b57b261e8118771c359d844,17.916666666666668,2ème Année Bac Sciences Economiques,LANGUE ANGLAISE,National,19.5
c6b4b32bfc85f5fd215e3d2bfc47a4c7fd3558a07b57b261e8118771c359d844,17.916666666666668,2ème Année Bac Sciences Economiques,HISTOIRE GEOGRAPHIE,National,
c6b4b32bfc85f5fd215e3d2bfc47a4c7fd3558a07b57b261e8118771c359d844,17.916666666666668,2ème Année Bac Sciences Economiques,MATHEMATIQUES,National,15.75
c6b4b32bfc85f5fd215e3d2bfc47a4c7fd3558a07b57b261e8118771c359d844,17.916666666666668,2ème Année Bac Sciences Economiques,INSTRUCTION ISLAMIQUE,National,
c6b4b32bfc85f5fd215e3d2bfc47a4c7fd3558a07b57b261e8118771c359d844,17.916666666666668,2ème Année Bac Sciences Economiques,ASSIDUITE ET CONDUITE,National,
6907631589c52a642555338017e319169c006373ca000c4b63ee5b0939f63b58,17.083333333333332,2ème Année Bac Sciences Economiques,LANGUE ANGLAISE,National,7.5
6907631589c52a642555338017e319169c006373ca000c4b63ee5b0939f63b58,17.083333333333332,2ème Année Bac Sciences Economiques,HISTOIRE GEOGRAPHIE,National,
6907631589c52a642555338017e319169c006373ca000c4b63ee5b0939f63b58,17.083333333333332,2ème Année Bac Sciences Economiques,MATHEMATIQUES,National,2.25
6907631589c52a642555338017e319169c006373ca000c4b63ee5b0939f63b58,17.083333333333332,2ème Année Bac Sciences Economiques,INSTRUCTION ISLAMIQUE,National,
6907631589c52a642555338017e319169c006373ca000c4b63ee5b0939f63b58,17.083333333333332,2ème Année Bac Sciences Economiques,ASSIDUITE ET CONDUITE,National,
f3f21e66613184f5dc4b69167f570093e624a2d0f7bdbb8d0d4bcf54e0eacb9e,17.166666666666668,2ème Année Bac Sciences Economiques,LANGUE ANGLAISE,National,15.0
f3f21e66613184f5dc4b69167f570093e624a2d0f7bdbb8d0d4bcf54e0eacb9e,17.166666666666668,2ème Année Bac Sciences Economiques,HISTOIRE GEOGRAPHIE,National,
f3f21e66613184f5dc4b69167f570093e624a2d0f7bdbb8d0d4bcf54e0eacb9e,17.166666666666668,2ème Année Bac Sciences Economiques,MATHEMATIQUES,National,2.75
f3f21e66613184f5dc4b69167f570093e624a2d0f7bdbb8d0d4bcf54e0eacb9e,17.166666666666668,2ème Année Bac Sciences Economiques,INSTRUCTION ISLAMIQUE,National,
f3f21e66613184f5dc4b69167f570093e624a2d0f7bdbb8d0d4bcf54e0eacb9e,17.166666666666668,2ème Année Bac Sciences Economiques,ASSIDUITE ET CONDUITE,National,
aace3fd2ff98c5613580c194af8acf9916c4b2428264b0b04c00ff3c121c5b02,18.25,2ème Année Bac Sciences Economiques,LANGUE ANGLAISE,National,12.0
aace3fd2ff98c5613580c194af8acf9916c4b2428264b0b04c00ff3c121c5b02,18.25,2ème Année Bac Sciences Economiques,HISTOIRE GEOGRAPHIE,National,
aace3fd2ff98c5613580c194af8acf9916c4b2428264b0b04c00ff3c121c5b02,18.25,2ème Année Bac Sciences Economiques,MATHEMATIQUES,National,9.0
aace3fd2ff98c5613580c194af8acf9916c4b2428264b0b04c00ff3c121c5b02,18.25,2ème Année Bac Sciences Economiques,INSTRUCTION ISLAMIQUE,National,
aace3fd2ff98c5613580c194af8acf9916c4b2428264b0b04c00ff3c121c5b02,18.25,2ème Année Bac Sciences Economiques,ASSIDUITE ET CONDUITE,National,
04ac206a9a4ad4bf46d275e2362b4366906d83efb80a3f91f9909cc98c24f21a,17.5,2ème Année Bac Sciences Economiques,LANGUE ANGLAISE,National,12.25
04ac206a9a4ad4bf46d275e2362b4366906d83efb80a3f91f9909cc98c24f21a,17.5,2ème Année Bac Sciences Economiques,HISTOIRE GEOGRAPHIE,National,
04ac206a9a4ad4bf46d275e2362b4366906d83efb80a3f91f9909cc98c24f21a,17.5,2ème Année Bac Sciences Economiques,MATHEMATIQUES,National,3.0
04ac206a9a4ad4bf46d275e2362b4366906d83efb80a3f91f9909cc98c24f21a,17.5,2ème Année Bac Sciences Economiques,INSTRUCTION ISLAMIQUE,National,
04ac206a9a4ad4bf46d275e2362b4366906d83efb80a3f91f9909cc98c24f21a,17.5,2ème Année Bac Sciences Economiques,ASSIDUITE ET CONDUITE,National,
58c96362b93470b16b92d5cd38bdd7f5d290bd29b7a7805e08fceeafd9d09c4f,17.416666666666668,2ème Année Bac Sciences Economiques,LANGUE ANGLAISE,National,15.5
58c96362b93470b16b92d5cd38bdd7f5d290bd29b7a7805e08fceeafd9d09c4f,17.416666666666668,2ème Année Bac Sciences Economiques,HISTOIRE GEOGRAPHIE,National,
58c96362b93470b16b92d5cd38bdd7f5d290bd29b7a7805e08fceeafd9d09c4f,17.416666666666668,2ème Année Bac Sciences Economiques,MATHEMATIQUES,National,4.0
58c96362b93470b16b92d5cd38bdd7f5d290bd29b7a7805e08fceeafd9d09c4f,17.416666666666668,2ème Année Bac Sciences Economiques,INSTRUCTION ISLAMIQUE,National,
58c96362b93470b16b92d5cd38bdd7f5d290bd29b7a7805e08fceeafd9d09c4f,17.416666666666668,2ème Année Bac Sciences Economiques,ASSIDUITE ET CONDUITE,National,
be15f66240c5f0c7c4fe90172dfd90972a612013e3728de1446ce502312f2129,17.75,2ème Année Bac Sciences Economiques,LANGUE ANGLAISE,National,14.0
be15f66240c5f0c7c4fe90172dfd90972a612013e3728de1446ce502312f2129,17.75,2ème Année Bac Sciences Economiques,HISTOIRE GEOGRAPHIE,National,
be15f66240c5f0c7c4fe90172dfd90972a612013e3728de1446ce502312f2129,17.75,2ème Année Bac Sciences Economiques,MATHEMATIQUES,National,4.25
be15f66240c5f0c7c4fe90172dfd90972a612013e3728de1446ce502312f2129,17.75,2ème Année Bac Sciences Economiques,INSTRUCTION ISLAMIQUE,National,
be15f66240c5f0c7c4fe90172dfd90972a612013e3728de1446ce502312f2129,17.75,2ème Année Bac Sciences Economiques,ASSIDUITE ET CONDUITE,National,
163886fcf7a9b058834af1f48de697cc1c1a97f246398069b72e94fc256e7268,17.25,2ème Année Bac Sciences Economiques,LANGUE ANGLAISE,National,12.0
163886fcf7a9b058834af1f48de697cc1c1a97f246398069b72e94fc256e7268,17.25,2ème Année Bac Sciences Economiques,HISTOIRE GEOGRAPHIE,National,
163886fcf7a9b058834af1f48de697cc1c1a97f246398069b72e94fc256e7268,17.25,2ème Année Bac Sciences Economiques,MATHEMATIQUES,National,1.0
163886fcf7a9b058834af1f48de697cc1c1a97f246398069b72e94fc256e7268,17.25,2ème Année Bac Sciences Economiques,INSTRUCTION ISLAMIQUE,National,
163886fcf7a9b058834af1f48de697cc1c1a97f246398069b72e94fc256e7268,17.25,2ème Année Bac Sciences Economiques,ASSIDUITE ET CONDUITE,National,
8251904b96a5380974af429732c17b5172af47ab19570875c0d94a15d4204b49,17.166666666666668,2ème Année Bac Sciences Economiques,LANGUE ANGLAISE,National,11.5
8251904b96a5380974af429732c17b5172af47ab19570875c0d94a15d4204b49,17.166666666666668,2ème Année Bac Sciences Economiques,HISTOIRE GEOGRAPHIE,National,
8251904b96a5380974af429732c17b5172af47ab19570875c0d94a15d4204b49,17.166666666666668,2ème Année Bac Sciences Economiques,MATHEMATIQUES,National,2.75
8251904b96a5380974af429732c17b5172af47ab19570875c0d94a15d4204b49,17.166666666666668,2ème Année Bac Sciences Economiques,INSTRUCTION ISLAMIQUE,National,
8251904b96a5380974af429732c17b5172af47ab19570875c0d94a15d4204b49,17.166666666666668,2ème Année Bac Sciences Economiques,ASSIDUITE ET CONDUITE,National,
7a30d07c537b44dd18027f2e88425ccb5f1930d1e458b9df6425182c0aaee2a3,18.0,2ème Année Bac Sciences Mathématiques A - Option Français,LANGUE ANGLAISE,National,12.25
7a30d07c537b44dd18027f2e88425ccb5f1930d1e458b9df6425182c0aaee2a3,18.0,2ème Année Bac Sciences Mathématiques A - Option Français,MATHEMATIQUES,National,16.0
7a30d07c537b44dd18027f2e88425ccb5f1930d1e458b9df6425182c0aaee2a3,18.0,2ème Année Bac Sciences Mathématiques A - Option Français,SC. DE LA VIE ET DE LA TERRE,National,12.25
7a30d07c537b44dd18027f2e88425ccb5f1930d1e458b9df6425182c0aaee2a3,18.0,2ème Année Bac Sciences Mathématiques A - Option Français,PHYSIQUE CHIMIE,National,12.5
7a30d07c537b44dd18027f2e88425ccb5f1930d1e458b9df6425182c0aaee2a3,18.0,2ème Année Bac Sciences Mathématiques A - Option Français,PHILOSOPHIE,National,14.0
a43b19afc003b893bba8339fbdbe85a87bcb6d84f6f0bff5952295e6bf77132f,18.0,2ème Année Bac Sciences Mathématiques A - Option Français,LANGUE ANGLAISE,National,7.5
a43b19afc003b893bba8339fbdbe85a87bcb6d84f6f0bff5952295e6bf77132f,18.0,2ème Année Bac Sciences Mathématiques A - Option Français,MATHEMATIQUES,National,6.5
a43b19afc003b893bba8339fbdbe85a87bcb6d84f6f0bff5952295e6bf77132f,18.0,2ème Année Bac Sciences Mathématiques A - Option Français,SC. DE LA VIE ET DE LA TERRE,National,6.0
a43b19afc003b893bba8339fbdbe85a87bcb6d84f6f0bff5952295e6bf77132f,18.0,2ème Année Bac Sciences Mathématiques A - Option Français,PHYSIQUE CHIMIE,National,4.5
a43b19afc003b893bba8339fbdbe85a87bcb6d84f6f0bff5952295e6bf77132f,18.0,2ème Année Bac Sciences Mathématiques A - Option Français,PHILOSOPHIE,National,10.0
0b254634ea6c158cccbb162253677b4911b116b5e91e9ba29b43f95f86837cf6,17.416666666666668,2ème Année Bac Sciences Mathématiques A - Option Français,LANGUE ANGLAISE,National,19.0
0b254634ea6c158cccbb162253677b4911b116b5e91e9ba29b43f95f86837cf6,17.416666666666668,2ème Année Bac Sciences Mathématiques A - Option Français,MATHEMATIQUES,National,12.0
0b254634ea6c158cccbb162253677b4911b116b5e91e9ba29b43f95f86837cf6,17.416666666666668,2ème Année Bac Sciences Mathématiques A - Option Français,SC. DE LA VIE ET DE LA TERRE,National,15.0
0b254634ea6c158cccbb162253677b4911b116b5e91e9ba29b43f95f86837cf6,17.416666666666668,2ème Année Bac Sciences Mathématiques A - Option Français,PHYSIQUE CHIMIE,National,10.5
0b254634ea6c158cccbb162253677b4911b116b5e91e9ba29b43f95f86837cf6,17.416666666666668,2ème Année Bac Sciences Mathématiques A - Option Français,PHILOSOPHIE,National,14.5
47827efda0a0369b0e16ddf8c5b7d2d036c2c4e3cf6b3b4b818652c3b729ce4f,17.0,2ème Année Bac Sciences Mathématiques A - Option Français,LANGUE ANGLAISE,National,16.5
47827efda0a0369b0e16ddf8c5b7d2d036c2c4e3cf6b3b4b818652c3b729ce4f,17.0,2ème Année Bac Sciences Mathématiques A - Option Français,MATHEMATIQUES,National,12.25
47827efda0a0369b0e16ddf8c5b7d2d036c2c4e3cf6b3b4b818652c3b729ce4f,17.0,2ème Année Bac Sciences Mathématiques A - Option Français,SC. DE LA VIE ET DE LA TERRE,National,10.5
47827efda0a0369b0e16ddf8c5b7d2d036c2c4e3cf6b3b4b818652c3b729ce4f,17.0,2ème Année Bac Sciences Mathématiques A - Option Français,PHYSIQUE CHIMIE,National,4.75
47827efda0a0369b0e16ddf8c5b7d2d036c2c4e3cf6b3b4b818652c3b729ce4f,17.0,2ème Année Bac Sciences Mathématiques A - Option Français,PHILOSOPHIE,National,14.0
2213a1e2dae007bd3f2480789ef8ecda266f2feac8cec290b6b95d5e1299b7ff,16.916666666666668,2ème Année Bac Sciences Mathématiques A - Option Français,LANGUE ANGLAISE,National,19.5
2213a1e2dae007bd3f2480789ef8ecda266f2feac8cec290b6b95d5e1299b7ff,16.916666666666668,2ème Année Bac Sciences Mathématiques A - Option Français,MATHEMATIQUES,National,15.75
2213a1e2dae007bd3f2480789ef8ecda266f2feac8cec290b6b95d5e1299b7ff,16.916666666666668,2ème Année Bac Sciences Mathématiques A - Option Français,SC. DE LA VIE ET DE LA TERRE,National,17.0
2213a1e2dae007bd3f2480789ef8ecda266f2feac8cec290b6b95d5e1299b7ff,16.916666666666668,2ème Année Bac Sciences Mathématiques A - Option Français,PHYSIQUE CHIMIE,National,14.25
2213a1e2dae007bd3f2480789ef8ecda266f2feac8cec290b6b95d5e1299b7ff,16.916666666666668,2ème Année Bac Sciences Mathématiques A - Option Français,PHILOSOPHIE,National,14.5
afca275401f0c9d60bb9932ac72e7396f6ae1db97e78feaa5d7848c0ffdd093c,17.5,2ème Année Bac Sciences Physiques - Option Français,LANGUE ANGLAISE,National,13.0
afca275401f0c9d60bb9932ac72e7396f6ae1db97e78feaa5d7848c0ffdd093c,17.5,2ème Année Bac Sciences Physiques - Option Français,MATHEMATIQUES,National,3.0
afca275401f0c9d60bb9932ac72e7396f6ae1db97e78feaa5d7848c0ffdd093c,17.5,2ème Année Bac Sciences Physiques - Option Français,SC. DE LA VIE ET DE LA TERRE,National,10.5
afca275401f0c9d60bb9932ac72e7396f6ae1db97e78feaa5d7848c0ffdd093c,17.5,2ème Année Bac Sciences Physiques - Option Français,PHYSIQUE CHIMIE,National,10.0
afca275401f0c9d60bb9932ac72e7396f6ae1db97e78feaa5d7848c0ffdd093c,17.5,2ème Année Bac Sciences Physiques - Option Français,PHILOSOPHIE,National,9.0
5b9194777e71e52f391e07a0b97c9d5c3450f742db87e3b6cee53113de81b32b,17.083333333333332,2ème Année Bac Sciences Physiques - Option Français,LANGUE ANGLAISE,National,12.5
5b9194777e71e52f391e07a0b97c9d5c3450f742db87e3b6cee53113de81b32b,17.083333333333332,2ème Année Bac Sciences Physiques - Option Français,MATHEMATIQUES,National,6.5
5b9194777e71e52f391e07a0b97c9d5c3450f742db87e3b6cee53113de81b32b,17.083333333333332,2ème Année Bac Sciences Physiques - Option Français,SC. DE LA VIE ET DE LA TERRE,National,13.5
5b9194777e71e52f391e07a0b97c9d5c3450f742db87e3b6cee53113de81b32b,17.083333333333332,2ème Année Bac Sciences Physiques - Option Français,PHYSIQUE CHIMIE,National,15.25
5b9194777e71e52f391e07a0b97c9d5c3450f742db87e3b6cee53113de81b32b,17.083333333333332,2ème Année Bac Sciences Physiques - Option Français,PHILOSOPHIE,National,13.0
3922fd62958fb6b556627576b423ee1d971b86dc6c1a3cce1a47bd2a619d751b,17.166666666666668,2ème Année Bac Sciences Physiques - Option Français,LANGUE ANGLAISE,National,16.0
3922fd62958fb6b556627576b423ee1d971b86dc6c1a3cce1a47bd2a619d751b,17.166666666666668,2ème Année Bac Sciences Physiques - Option Français,MATHEMATIQUES,National,11.0
3922fd62958fb6b556627576b423ee1d971b86dc6c1a3cce1a47bd2a619d751b,17.166666666666668,2ème Année Bac Sciences Physiques - Option Français,SC. DE LA VIE ET DE LA TERRE,National,14.75
3922fd62958fb6b556627576b423ee1d971b86dc6c1a3cce1a47bd2a619d751b,17.166666666666668,2ème Année Bac Sciences Physiques - Option Français,PHYSIQUE CHIMIE,National,15.25
3922fd62958fb6b556627576b423ee1d971b86dc6c1a3cce1a47bd2a619d751b,17.166666666666668,2ème Année Bac Sciences Physiques - Option Français,PHILOSOPHIE,National,4.0
6b94aa3c6bd7f069f230364325f41e80d0b3c4b0a782664aeec37aaaa8775680,17.25,2ème Année Bac Sciences Physiques - Option Français,LANGUE ANGLAISE,National,19.0
6b94aa3c6bd7f069f230364325f41e80d0b3c4b0a782664aeec37aaaa8775680,17.25,2ème Année Bac Sciences Physiques - Option Français,MATHEMATIQUES,National,15.75
6b94aa3c6bd7f069f230364325f41e80d0b3c4b0a782664aeec37aaaa8775680,17.25,2ème Année Bac Sciences Physiques - Option Français,SC. DE LA VIE ET DE LA TERRE,National,19.0
6b94aa3c6bd7f069f230364325f41e80d0b3c4b0a782664aeec37aaaa8775680,17.25,2ème Année Bac Sciences Physiques - Option Français,PHYSIQUE CHIMIE,National,16.5
6b94aa3c6bd7f069f230364325f41e80d0b3c4b0a782664aeec37aaaa8775680,17.25,2ème Année Bac Sciences Physiques - Option Français,PHILOSOPHIE,National,12.5
f73f30fcc3055627143fee608d3467bc4e33be92c251c3758a89897e09011a3a,17.666666666666668,2ème Année Bac Sciences Physiques - Option Français,LANGUE ANGLAISE,National,19.5
f73f30fcc3055627143fee608d3467bc4e33be92c251c3758a89897e09011a3a,17.666666666666668,2ème Année Bac Sciences Physiques - Option Français,MATHEMATIQUES,National,13.5
f73f30fcc3055627143fee608d3467bc4e33be92c251c3758a89897e09011a3a,17.666666666666668,2ème Année Bac Sciences Physiques - Option Français,SC. DE LA VIE ET DE LA TERRE,National,18.75
f73f30fcc3055627143fee608d3467bc4e33be92c251c3758a89897e09011a3a,17.666666666666668,2ème Année Bac Sciences Physiques - Option Français,PHYSIQUE CHIMIE,National,16.25
f73f30fcc3055627143fee608d3467bc4e33be92c251c3758a89897e09011a3a,17.666666666666668,2ème Année Bac Sciences Physiques - Option Français,PHILOSOPHIE,National,14.5
933edd97304f0143213393342c6e74b3f2ebd0e93fba77e726ddea65820371cf,17.416666666666668,2ème Année Bac Sciences Physiques - Option Français,LANGUE ANGLAISE,National,15.0
933edd97304f0143213393342c6e74b3f2ebd0e93fba77e726ddea65820371cf,17.416666666666668,2ème Année Bac Sciences Physiques - Option Français,MATHEMATIQUES,National,6.5
933edd97304f0143213393342c6e74b3f2ebd0e93fba77e726ddea65820371cf,17.416666666666668,2ème Année Bac Sciences Physiques - Option Français,SC. DE LA VIE ET DE LA TERRE,National,12.5
933edd97304f0143213393342c6e74b3f2ebd0e93fba77e726ddea65820371cf,17.416666666666668,2ème Année Bac Sciences Physiques - Option Français,PHYSIQUE CHIMIE,National,14.5
933edd97304f0143213393342c6e74b3f2ebd0e93fba77e726ddea65820371cf,17.416666666666668,2ème Année Bac Sciences Physiques - Option Français,PHILOSOPHIE,National,16.0
8bcc598146ed403c1094a7a1fb0b462fe5298bb9f0a3d2c561aad2ceb7ec3622,17.083333333333332,2ème Année Bac Sciences Physiques - Option Français,LANGUE ANGLAISE,National,14.75
8bcc598146ed403c1094a7a1fb0b462fe5298bb9f0a3d2c561aad2ceb7ec3622,17.083333333333332,2ème Année Bac Sciences Physiques - Option Français,MATHEMATIQUES,National,9.5
8bcc598146ed403c1094a7a1fb0b462fe5298bb9f0a3d2c561aad2ceb7ec3622,17.083333333333332,2ème Année Bac Sciences Physiques - Option Français,SC. DE LA VIE ET DE LA TERRE,National,13.0
8bcc598146ed403c1094a7a1fb0b462fe5298bb9f0a3d2c561aad2ceb7ec3622,17.083333333333332,2ème Année Bac Sciences Physiques - Option Français,PHYSIQUE CHIMIE,National,15.5
8bcc598146ed403c1094a7a1fb0b462fe5298bb9f0a3d2c561aad2ceb7ec3622,17.083333333333332,2ème Année Bac Sciences Physiques - Option Français,PHILOSOPHIE,National,18.0
52b082f052669ae78dff4b0997c565ea95c0b11cee5f8e4cfd223c6d60695637,17.583333333333332,2ème Année Bac Sciences Physiques - Option Français,LANGUE ANGLAISE,National,15.0
52b082f052669ae78dff4b0997c565ea95c0b11cee5f8e4cfd223c6d60695637,17.583333333333332,2ème Année Bac Sciences Physiques - Option Français,MATHEMATIQUES,National,4.75
52b082f052669ae78dff4b0997c565ea95c0b11cee5f8e4cfd223c6d60695637,17.583333333333332,2ème Année Bac Sciences Physiques - Option Français,SC. DE LA VIE ET DE LA TERRE,National,6.5
52b082f052669ae78dff4b0997c565ea95c0b11cee5f8e4cfd223c6d60695637,17.583333333333332,2ème Année Bac Sciences Physiques - Option Français,PHYSIQUE CHIMIE,National,6.25
52b082f052669ae78dff4b0997c565ea95c0b11cee5f8e4cfd223c6d60695637,17.583333333333332,2ème Année Bac Sciences Physiques - Option Français,PHILOSOPHIE,National,10.0
d4d6d8cfb035f5283e54ba00253b79e3d47d176ff441d61bbf75e31e83b15d2c,17.166666666666668,2ème Année Bac Sciences Physiques - Option Français,LANGUE ANGLAISE,National,12.5
d4d6d8cfb035f5283e54ba00253b79e3d47d176ff441d61bbf75e31e83b15d2c,17.166666666666668,2ème Année Bac Sciences Physiques - Option Français,MATHEMATIQUES,National,3.5
d4d6d8cfb035f5283e54ba00253b79e3d47d176ff441d61bbf75e31e83b15d2c,17.166666666666668,2ème Année Bac Sciences Physiques - Option Français,SC. DE LA VIE ET DE LA TERRE,National,11.0
d4d6d8cfb035f5283e54ba00253b79e3d47d176ff441d61bbf75e31e83b15d2c,17.166666666666668,2ème Année Bac Sciences Physiques - Option Français,PHYSIQUE CHIMIE,National,11.5
d4d6d8cfb035f5283e54ba00253b79e3d47d176ff441d61bbf75e31e83b15d2c,17.166666666666668,2ème Année Bac Sciences Physiques - Option Français,PHILOSOPHIE,National,13.0
65c15f14c936f94d95dfcec284b5b06d393754aa708cdb15430cad323f1eaccf,16.916666666666668,2ème Année Bac Sciences Physiques - Option Français,LANGUE ANGLAISE,National,18.5
65c15f14c936f94d95dfcec284b5b06d393754aa708cdb15430cad323f1eaccf,16.916666666666668,2ème Année Bac Sciences Physiques - Option Français,MATHEMATIQUES,National,10.5
65c15f14c936f94d95dfcec284b5b06d393754aa708cdb15430cad323f1eaccf,16.916666666666668,2ème Année Bac Sciences Physiques - Option Français,SC. DE LA VIE ET DE LA TERRE,National,14.0
65c15f14c936f94d95dfcec284b5b06d393754aa708cdb15430cad323f1eaccf,16.916666666666668,2ème Année Bac Sciences Physiques - Option Français,PHYSIQUE CHIMIE,National,12.0
65c15f14c936f94d95dfcec284b5b06d393754aa708cdb15430cad323f1eaccf,16.916666666666668,2ème Année Bac Sciences Physiques - Option Français,PHILOSOPHIE,National,15.5
2d312442579b29b19dcfff46da0aa61b3aadd47427f71698affe8f5b5e542f78,16.833333333333332,2ème Année Bac Sciences Physiques - Option Français,LANGUE ANGLAISE,National,19.0
2d312442579b29b19dcfff46da0aa61b3aadd47427f71698affe8f5b5e542f78,16.833333333333332,2ème Année Bac Sciences Physiques - Option Français,MATHEMATIQUES,National,12.5
2d312442579b29b19dcfff46da0aa61b3aadd47427f71698affe8f5b5e542f78,16.833333333333332,2ème Année Bac Sciences Physiques - Option Français,SC. DE LA VIE ET DE LA TERRE,National,17.5
2d312442579b29b19dcfff46da0aa61b3aadd47427f71698affe8f5b5e542f78,16.833333333333332,2ème Année Bac Sciences Physiques - Option Français,PHYSIQUE CHIMIE,National,15.0
2d312442579b29b19dcfff46da0aa61b3aadd47427f71698affe8f5b5e542f78,16.833333333333332,2ème Année Bac Sciences Physiques - Option Français,PHILOSOPHIE,National,14.0
63b4ef71216348021020bffe46c46592c5c18fce0a8d4623fa5825beb019a923,18.0,2ème Année Bac Sciences Physiques - Option Français,LANGUE ANGLAISE,National,18.0
63b4ef71216348021020bffe46c46592c5c18fce0a8d4623fa5825beb019a923,18.0,2ème Année Bac Sciences Physiques - Option Français,MATHEMATIQUES,National,13.25
63b4ef71216348021020bffe46c46592c5c18fce0a8d4623fa5825beb019a923,18.0,2ème Année Bac Sciences Physiques - Option Français,SC. DE LA VIE ET DE LA TERRE,National,17.5
63b4ef71216348021020bffe46c46592c5c18fce0a8d4623fa5825beb019a923,18.0,2ème Année Bac Sciences Physiques - Option Français,PHYSIQUE CHIMIE,National,14.75
63b4ef71216348021020bffe46c46592c5c18fce0a8d4623fa5825beb019a923,18.0,2ème Année Bac Sciences Physiques - Option Français,PHILOSOPHIE,National,13.5
6a1bf533205b2e90c548e3472367f61ca8937d25ae7e676cc117201cfaa56077,17.333333333333332,2ème Année Bac Sciences Physiques - Option Français,LANGUE ANGLAISE,National,14.5
6a1bf533205b2e90c548e3472367f61ca8937d25ae7e676cc117201cfaa56077,17.333333333333332,2ème Année Bac Sciences Physiques - Option Français,MATHEMATIQUES,National,6.25
6a1bf533205b2e90c548e3472367f61ca8937d25ae7e676cc117201cfaa56077,17.333333333333332,2ème Année Bac Sciences Physiques - Option Français,SC. DE LA VIE ET DE LA TERRE,National,13.5
6a1bf533205b2e90c548e3472367f61ca8937d25ae7e676cc117201cfaa56077,17.333333333333332,2ème Année Bac Sciences Physiques - Option Français,PHYSIQUE CHIMIE,National,11.75
6a1bf533205b2e90c548e3472367f61ca8937d25ae7e676cc117201cfaa56077,17.333333333333332,2ème Année Bac Sciences Physiques - Option Français,PHILOSOPHIE,National,11.0
0d67c19090546ed1173b7fcd162ba41002f3a3a1c46db6ef5dd32237b754a0f0,17.333333333333332,2ème Année Bac Sciences Physiques - Option Français,LANGUE ANGLAISE,National,17.5
0d67c19090546ed1173b7fcd162ba41002f3a3a1c46db6ef5dd32237b754a0f0,17.333333333333332,2ème Année Bac Sciences Physiques - Option Français,MATHEMATIQUES,National,10.75
0d67c19090546ed1173b7fcd162ba41002f3a3a1c46db6ef5dd32237b754a0f0,17.333333333333332,2ème Année Bac Sciences Physiques - Option Français,SC. DE LA VIE ET DE LA TERRE,National,15.5
0d67c19090546ed1173b7fcd162ba41002f3a3a1c46db6ef5dd32237b754a0f0,17.333333333333332,2ème Année Bac Sciences Physiques - Option Français,PHYSIQUE CHIMIE,National,17.75
0d67c19090546ed1173b7fcd162ba41002f3a3a1c46db6ef5dd32237b754a0f0,17.333333333333332,2ème Année Bac Sciences Physiques - Option Français,PHILOSOPHIE,National,15.5
f52208c665747924e2817abaa52b0622d2098d13f217ea5d8852c9ae4b5216d1,17.333333333333332,2ème Année Bac Sciences Physiques - Option Français,LANGUE ANGLAISE,National,18.0
f52208c665747924e2817abaa52b0622d2098d13f217ea5d8852c9ae4b5216d1,17.333333333333332,2ème Année Bac Sciences Physiques - Option Français,MATHEMATIQUES,National,9.0
f52208c665747924e2817abaa52b0622d2098d13f217ea5d8852c9ae4b5216d1,17.333333333333332,2ème Année Bac Sciences Physiques - Option Français,SC. DE LA VIE ET DE LA TERRE,National,15.5
f52208c665747924e2817abaa52b0622d2098d13f217ea5d8852c9ae4b5216d1,17.333333333333332,2ème Année Bac Sciences Physiques - Option Français,PHYSIQUE CHIMIE,National,15.5
f52208c665747924e2817abaa52b0622d2098d13f217ea5d8852c9ae4b5216d1,17.333333333333332,2ème Année Bac Sciences Physiques - Option Français,PHILOSOPHIE,National,16.5
f822f31ba77fc950337bb6360fa7a7e7fc6f7dd0d558a06bf953fa83b936ee12,17.666666666666668,2ème Année Bac Sciences Physiques - Option Français,LANGUE ANGLAISE,National,15.0
f822f31ba77fc950337bb6360fa7a7e7fc6f7dd0d558a06bf953fa83b936ee12,17.666666666666668,2ème Année Bac Sciences Physiques - Option Français,MATHEMATIQUES,National,5.0
f822f31ba77fc950337bb6360fa7a7e7fc6f7dd0d558a06bf953fa83b936ee12,17.666666666666668,2ème Année Bac Sciences Physiques - Option Français,SC. DE LA VIE ET DE LA TERRE,National,12.0
f822f31ba77fc950337bb6360fa7a7e7fc6f7dd0d558a06bf953fa83b936ee12,17.666666666666668,2ème Année Bac Sciences Physiques - Option Français,PHYSIQUE CHIMIE,National,11.25
f822f31ba77fc950337bb6360fa7a7e7fc6f7dd0d558a06bf953fa83b936ee12,17.666666666666668,2ème Année Bac Sciences Physiques - Option Français,PHILOSOPHIE,National,13.0
120f3339b7900418440d08a95fec742ec2ff59594162f8a2e7705e3875c63ea9,17.333333333333332,2ème Année Bac Sciences Physiques - Option Français,LANGUE ANGLAISE,National,13.0
120f3339b7900418440d08a95fec742ec2ff59594162f8a2e7705e3875c63ea9,17.333333333333332,2ème Année Bac Sciences Physiques - Option Français,MATHEMATIQUES,National,4.25
120f3339b7900418440d08a95fec742ec2ff59594162f8a2e7705e3875c63ea9,17.333333333333332,2ème Année Bac Sciences Physiques - Option Français,SC. DE LA VIE ET DE LA TERRE,National,10.75
120f3339b7900418440d08a95fec742ec2ff59594162f8a2e7705e3875c63ea9,17.333333333333332,2ème Année Bac Sciences Physiques - Option Français,PHYSIQUE CHIMIE,National,9.75
120f3339b7900418440d08a95fec742ec2ff59594162f8a2e7705e3875c63ea9,17.333333333333332,2ème Année Bac Sciences Physiques - Option Français,PHILOSOPHIE,National,14.5
ae70b25f531e20e0f2fbce054997e32957492d9581c8495fe1f7a8f578137d1d,17.166666666666668,2ème Année Bac Sciences Physiques - Option Français,LANGUE ANGLAISE,National,6.75
ae70b25f531e20e0f2fbce054997e32957492d9581c8495fe1f7a8f578137d1d,17.166666666666668,2ème Année Bac Sciences Physiques - Option Français,MATHEMATIQUES,National,2.5
ae70b25f531e20e0f2fbce054997e32957492d9581c8495fe1f7a8f578137d1d,17.166666666666668,2ème Année Bac Sciences Physiques - Option Français,SC. DE LA VIE ET DE LA TERRE,National,11.25
ae70b25f531e20e0f2fbce054997e32957492d9581c8495fe1f7a8f578137d1d,17.166666666666668,2ème Année Bac Sciences Physiques - Option Français,PHYSIQUE CHIMIE,National,10.0
ae70b25f531e20e0f2fbce054997e32957492d9581c8495fe1f7a8f578137d1d,17.166666666666668,2ème Année Bac Sciences Physiques - Option Français,PHILOSOPHIE,National,16.0
f67ad2393ef34748611d919f31c5945ab6b6d1b6aef1ab97bf60805e4e3d9578,16.666666666666668,2ème Année Bac Sciences Physiques - Option Français,LANGUE ANGLAISE,National,17.0
f67ad2393ef34748611d919f31c5945ab6b6d1b6aef1ab97bf60805e4e3d9578,16.666666666666668,2ème Année Bac Sciences Physiques - Option Français,MATHEMATIQUES,National,9.75
f67ad2393ef34748611d919f31c5945ab6b6d1b6aef1ab97bf60805e4e3d9578,16.666666666666668,2ème Année Bac Sciences Physiques - Option Français,SC. DE LA VIE ET DE LA TERRE,National,14.25
f67ad2393ef34748611d919f31c5945ab6b6d1b6aef1ab97bf60805e4e3d9578,16.666666666666668,2ème Année Bac Sciences Physiques - Option Français,PHYSIQUE CHIMIE,National,14.5
f67ad2393ef34748611d919f31c5945ab6b6d1b6aef1ab97bf60805e4e3d9578,16.666666666666668,2ème Année Bac Sciences Physiques - Option Français,PHILOSOPHIE,National,15.0
a2575a9a6515f730a967ad95bfea56452ffdd984233fe0311a3eec54fa05740f,17.916666666666668,2ème Année Bac Sciences Physiques - Option Français,LANGUE ANGLAISE,National,18.5
a2575a9a6515f730a967ad95bfea56452ffdd984233fe0311a3eec54fa05740f,17.916666666666668,2ème Année Bac Sciences Physiques - Option Français,MATHEMATIQUES,National,15.75
a2575a9a6515f730a967ad95bfea56452ffdd984233fe0311a3eec54fa05740f,17.916666666666668,2ème Année Bac Sciences Physiques - Option Français,SC. DE LA VIE ET DE LA TERRE,National,16.5
a2575a9a6515f730a967ad95bfea56452ffdd984233fe0311a3eec54fa05740f,17.916666666666668,2ème Année Bac Sciences Physiques - Option Français,PHYSIQUE CHIMIE,National,19.5
a2575a9a6515f730a967ad95bfea56452ffdd984233fe0311a3eec54fa05740f,17.916666666666668,2ème Année Bac Sciences Physiques - Option Français,PHILOSOPHIE,National,15.0
814d6bddcb39a963cdd15ae120d65fda111212a5df02911237f667388a01d368,17.25,2ème Année Bac Sciences Physiques - Option Français,LANGUE ANGLAISE,National,9.5
814d6bddcb39a963cdd15ae120d65fda111212a5df02911237f667388a01d368,17.25,2ème Année Bac Sciences Physiques - Option Français,MATHEMATIQUES,National,3.5
814d6bddcb39a963cdd15ae120d65fda111212a5df02911237f667388a01d368,17.25,2ème Année Bac Sciences Physiques - Option Français,SC. DE LA VIE ET DE LA TERRE,National,7.5
814d6bddcb39a963cdd15ae120d65fda111212a5df02911237f667388a01d368,17.25,2ème Année Bac Sciences Physiques - Option Français,PHYSIQUE CHIMIE,National,9.5
814d6bddcb39a963cdd15ae120d65fda111212a5df02911237f667388a01d368,17.25,2ème Année Bac Sciences Physiques - Option Français,PHILOSOPHIE,National,10.5
